2.025,Enero,3,1/1/2025,19/1/2025,A
2.025,Enero,4,20/1/2025,26/1/2025,B
2.025,Enero,5,27/1/2025,2/2/2025,C
2.025,Febrero,6,3/2/2025,9/2/2025,A
2.025,Febrero,7,10/2/2025,16/2/2025,B
2.025,Febrero,8,17/2/2025,23/2/2025,C
2.025,Febrero,9,24/2/2025,2/3/2025,A
2.025,Marzo,10,3/3/2025,9/3/2025,B
2.025,Marzo,11,10/3/2025,16/3/2025,C
2.025,Marzo,12,17/3/2025,23/3/2025,A
2.025,Marzo,13,24/3/2025,30/3/2025,B
2.025,Abril,14,31/3/2025,6/4/2025,C
2.025,Abril,15,7/4/2025,13/4/2025,A
2.025,Abril,17,14/4/2025,27/4/2025,B
2.025,Abril,18,28/4/2025,4/5/2025,C
2.025,Mayo,19,5/5/2025,11/5/2025,A
2.025,Mayo,20,12/5/2025,18/5/2025,B
2.025,Mayo,21,19/5/2025,25/5/2025,C
2.025,Mayo,22,26/5/2025,1/6/2025,A
2.025,Junio,23,2/6/2025,8/6/2025,B
2.025,Junio,24,9/6/2025,15/6/2025,C
2.025,Junio,25,16/6/2025,22/6/2025,A
2.025,Junio,26,23/6/2025,29/6/2025,B
2.025,Julio,27,30/6/2025,6/7/2025,C
2.025,Julio,28,7/7/2025,13/7/2025,A
2.025,Julio,29,14/7/2025,20/7/2025,B
2.025,Julio,30,21/7/2025,27/7/2025,C
2.025,Julio,31,28/7/2025,3/8/2025,A
2.025,Agosto,32,4/8/2025,10/8/2025,B
2.025,Agosto,33,11/8/2025,17/8/2025,C
2.025,Agosto,34,18/8/2025,24/8/2025,A
2.025,Agosto,35,25/8/2025,31/8/2025,B
2.025,Septiembre,36,1/9/2025,7/9/2025,C
2.025,Septiembre,37,8/9/2025,14/9/2025,A
2.025,Septiembre,38,15/9/2025,21/9/2025,B
2.025,Septiembre,39,22/9/2025,28/9/2025,C
2.025,Octubre,40,29/9/2025,5/10/2025,A
2.025,Octubre,41,6/10/2025,12/10/2025,B
2.025,Octubre,42,13/10/2025,19/10/2025,C
2.025,Octubre,43,20/10/2025,26/10/2025,A
2.025,Octubre,44,27/10/2025,2/11/2025,B
2.025,Noviembre,45,3/11/2025,9/11/2025,C
2.025,Noviembre,46,10/11/2025,16/11/2025,A
2.025,Noviembre,47,17/11/2025,23/11/2025,B
2.025,Noviembre,48,24/11/2025,30/11/2025,C
2.025,Diciembre,49,1/12/2025,7/12/2025,A
2.025,Diciembre,50,8/12/2025,14/12/2025,B
2.025,Diciembre,51,15/12/2025,21/12/2025,C